,species,scenario,julian,hour,Rabs_sun,Rabs_shade,Te_sun,Te_shade,Tb_sun,Tb_shade
0,Sceloporus_undulatus,undulatus_utah,1.0,0.0,216.11344831050508,211.4513262699278,6.875089382733593,5.870251029005962,6.232055116301724,5.571811265439803
1,Sceloporus_undulatus,undulatus_utah,1.0,60.0,391.6080671360655,220.35800664611008,16.593872392652596,17.713622836728575,13.04043988295233,13.549767519327451
2,Sceloporus_undulatus,undulatus_utah,1.0,120.0,213.98020995456451,221.27247063332752,6.298672464823098,7.894260900421534,8.322034950081061,9.59161104884859
3,Microlophus occipitalis,occipitalis_ecuador,1.0,0.0,335.94268598506414,342.301968643778,36.25474847049098,37.27222592190999,27.431696651884753,28.161945547085843
4,Microlophus occipitalis,occipitalis_ecuador,1.0,60.0,631.4249456510402,344.33077188319766,50.818870914766364,52.25906138646168,44.21679409411944,45.45657177658673
5,Microlophus occipitalis,occipitalis_ecuador,1.0,120.0,334.25266520567965,344.78706220355014,35.891014440262154,37.631171427338856,37.79350145503808,39.41931898454327
